{
  "version": 1,
  "genes": [
    {
      "type": "Gene",
      "id": "gene_gep_repair_from_errors",
      "category": "repair",
      "signals_match": [
        "error",
        "exception",
        "failed",
        "unstable"
      ],
      "preconditions": [
        "signals contains error-related indicators"
      ],
      "strategy": [
        "Extract structured signals from logs and user instructions",
        "Select an existing Gene by signals match (no improvisation)",
        "Estimate blast radius (files, lines) before editing",
        "Apply smallest reversible patch",
        "Validate using declared validation steps; rollback on failure",
        "Solidify knowledge: append EvolutionEvent, update Gene/Capsule store"
      ],
      "constraints": {
        "max_files": 12,
        "forbidden_paths": [
          ".git",
          "node_modules"
        ]
      },
      "validation": [
        "node index.js run",
        "node -e \"require('./src/evolve')\""
      ]
    },
    {
      "type": "Gene",
      "id": "gene_gep_optimize_prompt_and_assets",
      "category": "optimize",
      "signals_match": [
        "protocol",
        "gep",
        "prompt",
        "audit",
        "reusable"
      ],
      "preconditions": [
        "need stricter, auditable evolution protocol outputs"
      ],
      "strategy": [
        "Extract signals and determine selection rationale via Selector JSON",
        "Prefer reusing existing Gene/Capsule; only create if no match exists",
        "Refactor prompt assembly to embed assets (genes, capsules, parent event)",
        "Reduce noise and ambiguity; enforce strict output schema",
        "Validate by running node index.js run and ensuring no runtime errors",
        "Solidify: record EvolutionEvent, update Gene definitions, create Capsule on success"
      ],
      "constraints": {
        "max_files": 20,
        "forbidden_paths": [
          ".git",
          "node_modules"
        ]
      },
      "validation": [
        "node index.js run"
      ]
    }
  ]
}

